Company Name,Industry,Symbol,Series,ISIN Code,Sector
360 ONE WAM Ltd.,Financial Services,360ONE,EQ,INE466L01038,Financial Services
ABB India Ltd.,Capital Goods,ABB,EQ,INE117A01022,Capital Goods
ACC Ltd.,Construction Materials,ACC,EQ,INE012A01025,Construction Materials
APL Apollo Tubes Ltd.,Capital Goods,APLAPOLLO,EQ,INE702C01027,Capital Goods
AU Small Finance Bank Ltd.,Financial Services,AUBANK,EQ,INE949L01017,Financial Services
Adani Energy Solutions Ltd.,Power,ADANIENSOL,EQ,INE931S01010,Power
Adani Enterprises Ltd.,Metals & Mining,ADANIENT,EQ,INE423A01024,Metals & Mining
Adani Green Energy Ltd.,Power,ADANIGREEN,EQ,INE364U01010,Power
Adani Ports and Special Economic Zone Ltd.,Services,ADANIPORTS,EQ,INE742F01042,Services
Adani Power Ltd.,Power,ADANIPOWER,EQ,INE814H01029,Power
Adani Total Gas Ltd.,Oil Gas & Consumable Fuels,ATGL,EQ,INE399L01023,Oil Gas & Consumable Fuels
Aditya Birla Capital Ltd.,Financial Services,ABCAPITAL,EQ,INE674K01013,Financial Services
Alkem Laboratories Ltd.,Healthcare,ALKEM,EQ,INE540L01014,Healthcare
Ambuja Cements Ltd.,Construction Materials,AMBUJACEM,EQ,INE079A01024,Construction Materials
Apollo Hospitals Enterprise Ltd.,Healthcare,APOLLOHOSP,EQ,INE437A01024,Healthcare
Ashok Leyland Ltd.,Capital Goods,ASHOKLEY,EQ,INE208A01029,Capital Goods
Asian Paints Ltd.,Consumer Durables,ASIANPAINT,EQ,INE021A01026,Consumer Durables
Astral Ltd.,Capital Goods,ASTRAL,EQ,INE006I01046,Capital Goods
Aurobindo Pharma Ltd.,Healthcare,AUROPHARMA,EQ,INE406A01037,Healthcare
Avenue Supermarts Ltd.,Consumer Services,DMART,EQ,INE192R01011,Consumer Services
Axis Bank Ltd.,Financial Services,AXISBANK,EQ,INE238A01034,Financial Services
BSE Ltd.,Financial Services,BSE,EQ,INE118H01025,Financial Services
Bajaj Auto Ltd.,Automobile and Auto Components,BAJAJ-AUTO,EQ,INE917I01010,Automobile and Auto Components
Bajaj Finance Ltd.,Financial Services,BAJFINANCE,EQ,INE296A01032,Financial Services
Bajaj Finserv Ltd.,Financial Services,BAJAJFINSV,EQ,INE918I01026,Financial Services
Bajaj Holdings & Investment Ltd.,Financial Services,BAJAJHLDNG,EQ,INE118A01012,Financial Services
Bajaj Housing Finance Ltd.,Financial Services,BAJAJHFL,EQ,INE377Y01014,Financial Services
Bank of Baroda,Financial Services,BANKBARODA,EQ,INE028A01039,Financial Services
Bank of India,Financial Services,BANKINDIA,EQ,INE084A01016,Financial Services
Bharat Dynamics Ltd.,Capital Goods,BDL,EQ,INE171Z01026,Capital Goods
Bharat Electronics Ltd.,Capital Goods,BEL,EQ,INE263A01024,Capital Goods
Bharat Forge Ltd.,Automobile and Auto Components,BHARATFORG,EQ,INE465A01025,Automobile and Auto Components
Bharat Heavy Electricals Ltd.,Capital Goods,BHEL,EQ,INE257A01026,Capital Goods
Bharat Petroleum Corporation Ltd.,Oil Gas & Consumable Fuels,BPCL,EQ,INE029A01011,Oil Gas & Consumable Fuels
Bharti Airtel Ltd.,Telecommunication,BHARTIARTL,EQ,INE397D01024,Telecommunication
Bharti Hexacom Ltd.,Telecommunication,BHARTIHEXA,EQ,INE343G01021,Telecommunication
Biocon Ltd.,Healthcare,BIOCON,EQ,INE376G01013,Healthcare
Blue Star Ltd.,Consumer Durables,BLUESTARCO,EQ,INE472A01039,Consumer Durables
Bosch Ltd.,Automobile and Auto Components,BOSCHLTD,EQ,INE323A01026,Automobile and Auto Components
Britannia Industries Ltd.,Fast Moving Consumer Goods,BRITANNIA,EQ,INE216A01030,Fast Moving Consumer Goods
CG Power and Industrial Solutions Ltd.,Capital Goods,CGPOWER,EQ,INE067A01029,Capital Goods
Canara Bank,Financial Services,CANBK,EQ,INE476A01022,Financial Services
Cholamandalam Investment and Finance Company Ltd.,Financial Services,CHOLAFIN,EQ,INE121A01024,Financial Services
Cipla Ltd.,Healthcare,CIPLA,EQ,INE059A01026,Healthcare
Coal India Ltd.,Oil Gas & Consumable Fuels,COALINDIA,EQ,INE522F01014,Oil Gas & Consumable Fuels
Cochin Shipyard Ltd.,Capital Goods,COCHINSHIP,EQ,INE704P01025,Capital Goods
Coforge Ltd.,Information Technology,COFORGE,EQ,INE591G01025,Information Technology
Colgate Palmolive (India) Ltd.,Fast Moving Consumer Goods,COLPAL,EQ,INE259A01022,Fast Moving Consumer Goods
Container Corporation of India Ltd.,Services,CONCOR,EQ,INE111A01025,Services
Coromandel International Ltd.,Chemicals,COROMANDEL,EQ,INE169A01031,Chemicals
Cummins India Ltd.,Capital Goods,CUMMINSIND,EQ,INE298A01020,Capital Goods
DLF Ltd.,Realty,DLF,EQ,INE271C01023,Realty
Dabur India Ltd.,Fast Moving Consumer Goods,DABUR,EQ,INE016A01026,Fast Moving Consumer Goods
Divi's Laboratories Ltd.,Healthcare,DIVISLAB,EQ,INE361B01024,Healthcare
Dixon Technologies (India) Ltd.,Consumer Durables,DIXON,EQ,INE935N01020,Consumer Durables
Dr. Reddy's Laboratories Ltd.,Healthcare,DRREDDY,EQ,INE089A01031,Healthcare
Eicher Motors Ltd.,Automobile and Auto Components,EICHERMOT,EQ,INE066A01021,Automobile and Auto Components
Eternal Ltd.,Consumer Services,ETERNAL,EQ,INE758T01015,Consumer Services
Exide Industries Ltd.,Automobile and Auto Components,EXIDEIND,EQ,INE302A01020,Automobile and Auto Components
FSN E-Commerce Ventures Ltd.,Consumer Services,NYKAA,EQ,INE388Y01029,Consumer Services
Federal Bank Ltd.,Financial Services,FEDERALBNK,EQ,INE171A01029,Financial Services
Fortis Healthcare Ltd.,Healthcare,FORTIS,EQ,INE061F01013,Healthcare
GAIL (India) Ltd.,Oil Gas & Consumable Fuels,GAIL,EQ,INE129A01019,Oil Gas & Consumable Fuels
GMR Airports Ltd.,Services,GMRAIRPORT,EQ,INE776C01039,Services
Glenmark Pharmaceuticals Ltd.,Healthcare,GLENMARK,EQ,INE935A01035,Healthcare
Godfrey Phillips India Ltd.,Fast Moving Consumer Goods,GODFRYPHLP,EQ,INE260B01028,Fast Moving Consumer Goods
Godrej Consumer Products Ltd.,Fast Moving Consumer Goods,GODREJCP,EQ,INE102D01028,Fast Moving Consumer Goods
Godrej Properties Ltd.,Realty,GODREJPROP,EQ,INE484J01027,Realty
Grasim Industries Ltd.,Construction Materials,GRASIM,EQ,INE047A01021,Construction Materials
HCL Technologies Ltd.,Information Technology,HCLTECH,EQ,INE860A01027,Information Technology
HDFC Asset Management Company Ltd.,Financial Services,HDFCAMC,EQ,INE127D01025,Financial Services
HDFC Bank Ltd.,Financial Services,HDFCBANK,EQ,INE040A01034,Financial Services
HDFC Life Insurance Company Ltd.,Financial Services,HDFCLIFE,EQ,INE795G01014,Financial Services
Havells India Ltd.,Consumer Durables,HAVELLS,EQ,INE176B01034,Consumer Durables
Hero MotoCorp Ltd.,Automobile and Auto Components,HEROMOTOCO,EQ,INE158A01026,Automobile and Auto Components
Hindalco Industries Ltd.,Metals & Mining,HINDALCO,EQ,INE038A01020,Metals & Mining
Hindustan Aeronautics Ltd.,Capital Goods,HAL,EQ,INE066F01020,Capital Goods
Hindustan Petroleum Corporation Ltd.,Oil Gas & Consumable Fuels,HINDPETRO,EQ,INE094A01015,Oil Gas & Consumable Fuels
Hindustan Unilever Ltd.,Fast Moving Consumer Goods,HINDUNILVR,EQ,INE030A01027,Fast Moving Consumer Goods
Hindustan Zinc Ltd.,Metals & Mining,HINDZINC,EQ,INE267A01025,Metals & Mining
Hitachi Energy India Ltd.,Capital Goods,POWERINDIA,EQ,INE07Y701011,Capital Goods
Housing & Urban Development Corporation Ltd.,Financial Services,HUDCO,EQ,INE031A01017,Financial Services
Hyundai Motor India Ltd.,Automobile and Auto Components,HYUNDAI,EQ,INE0V6F01027,Automobile and Auto Components
ICICI Bank Ltd.,Financial Services,ICICIBANK,EQ,INE090A01021,Financial Services
ICICI Lombard General Insurance Company Ltd.,Financial Services,ICICIGI,EQ,INE765G01017,Financial Services
IDFC First Bank Ltd.,Financial Services,IDFCFIRSTB,EQ,INE092T01019,Financial Services
IRB Infrastructure Developers Ltd.,Construction,IRB,EQ,INE821I01022,Construction
ITC Hotels Ltd.,Consumer Services,ITCHOTELS,EQ,INE379A01028,Consumer Services
ITC Ltd.,Fast Moving Consumer Goods,ITC,EQ,INE154A01025,Fast Moving Consumer Goods
Indian Bank,Financial Services,INDIANB,EQ,INE562A01011,Financial Services
Indian Hotels Co. Ltd.,Consumer Services,INDHOTEL,EQ,INE053A01029,Consumer Services
Indian Oil Corporation Ltd.,Oil Gas & Consumable Fuels,IOC,EQ,INE242A01010,Oil Gas & Consumable Fuels
Indian Railway Catering And Tourism Corporation Ltd.,Consumer Services,IRCTC,EQ,INE335Y01020,Consumer Services
Indian Railway Finance Corporation Ltd.,Financial Services,IRFC,EQ,INE053F01010,Financial Services
Indian Renewable Energy Development Agency Ltd.,Financial Services,IREDA,EQ,INE202E01016,Financial Services
Indraprastha Gas Ltd.,Oil Gas & Consumable Fuels,IGL,EQ,INE203G01027,Oil Gas & Consumable Fuels
Indus Towers Ltd.,Telecommunication,INDUSTOWER,EQ,INE121J01017,Telecommunication
IndusInd Bank Ltd.,Financial Services,INDUSINDBK,EQ,INE095A01012,Financial Services
Info Edge (India) Ltd.,Consumer Services,NAUKRI,EQ,INE663F01032,Consumer Services
Infosys Ltd.,Information Technology,INFY,EQ,INE009A01021,Information Technology
InterGlobe Aviation Ltd.,Services,INDIGO,EQ,INE646L01027,Services
JSW Energy Ltd.,Power,JSWENERGY,EQ,INE121E01018,Power
JSW Steel Ltd.,Metals & Mining,JSWSTEEL,EQ,INE019A01038,Metals & Mining
Jindal Steel Ltd.,Metals & Mining,JINDALSTEL,EQ,INE749A01030,Metals & Mining
Jio Financial Services Ltd.,Financial Services,JIOFIN,EQ,INE758E01017,Financial Services
Jubilant Foodworks Ltd.,Consumer Services,JUBLFOOD,EQ,INE797F01020,Consumer Services
KEI Industries Ltd.,Capital Goods,KEI,EQ,INE878B01027,Capital Goods
KPIT Technologies Ltd.,Information Technology,KPITTECH,EQ,INE04I401011,Information Technology
Kalyan Jewellers India Ltd.,Consumer Durables,KALYANKJIL,EQ,INE303R01014,Consumer Durables
Kotak Mahindra Bank Ltd.,Financial Services,KOTAKBANK,EQ,INE237A01036,Financial Services
L&T Finance Ltd.,Financial Services,LTF,EQ,INE498L01015,Financial Services
LIC Housing Finance Ltd.,Financial Services,LICHSGFIN,EQ,INE115A01026,Financial Services
LTIMindtree Ltd.,Information Technology,LTM,EQ,INE214T01019,Information Technology
Larsen & Toubro Ltd.,Construction,LT,EQ,INE018A01030,Construction
Life Insurance Corporation of India,Financial Services,LICI,EQ,INE0J1Y01017,Financial Services
Lodha Developers Ltd.,Realty,LODHA,EQ,INE670K01029,Realty
Lupin Ltd.,Healthcare,LUPIN,EQ,INE326A01037,Healthcare
MRF Ltd.,Automobile and Auto Components,MRF,EQ,INE883A01011,Automobile and Auto Components
Mahindra & Mahindra Financial Services Ltd.,Financial Services,M&MFIN,EQ,INE774D01024,Financial Services
Mahindra & Mahindra Ltd.,Automobile and Auto Components,M&M,EQ,INE101A01026,Automobile and Auto Components
Mankind Pharma Ltd.,Healthcare,MANKIND,EQ,INE634S01028,Healthcare
Marico Ltd.,Fast Moving Consumer Goods,MARICO,EQ,INE196A01026,Fast Moving Consumer Goods
Maruti Suzuki India Ltd.,Automobile and Auto Components,MARUTI,EQ,INE585B01010,Automobile and Auto Components
Max Financial Services Ltd.,Financial Services,MFSL,EQ,INE180A01020,Financial Services
Max Healthcare Institute Ltd.,Healthcare,MAXHEALTH,EQ,INE027H01010,Healthcare
Mazagoan Dock Shipbuilders Ltd.,Capital Goods,MAZDOCK,EQ,INE249Z01020,Capital Goods
Motilal Oswal Financial Services Ltd.,Financial Services,MOTILALOFS,EQ,INE338I01027,Financial Services
MphasiS Ltd.,Information Technology,MPHASIS,EQ,INE356A01018,Information Technology
Muthoot Finance Ltd.,Financial Services,MUTHOOTFIN,EQ,INE414G01012,Financial Services
NHPC Ltd.,Power,NHPC,EQ,INE848E01016,Power
NMDC Ltd.,Metals & Mining,NMDC,EQ,INE584A01023,Metals & Mining
NTPC Green Energy Ltd.,Power,NTPCGREEN,EQ,INE0ONG01011,Power
NTPC Ltd.,Power,NTPC,EQ,INE733E01010,Power
National Aluminium Co. Ltd.,Metals & Mining,NATIONALUM,EQ,INE139A01034,Metals & Mining
Nestle India Ltd.,Fast Moving Consumer Goods,NESTLEIND,EQ,INE239A01024,Fast Moving Consumer Goods
Oberoi Realty Ltd.,Realty,OBEROIRLTY,EQ,INE093I01010,Realty
Oil & Natural Gas Corporation Ltd.,Oil Gas & Consumable Fuels,ONGC,EQ,INE213A01029,Oil Gas & Consumable Fuels
Oil India Ltd.,Oil Gas & Consumable Fuels,OIL,EQ,INE274J01014,Oil Gas & Consumable Fuels
One 97 Communications Ltd.,Financial Services,PAYTM,EQ,INE982J01020,Financial Services
Oracle Financial Services Software Ltd.,Information Technology,OFSS,EQ,INE881D01027,Information Technology
PB Fintech Ltd.,Financial Services,POLICYBZR,EQ,INE417T01026,Financial Services
PI Industries Ltd.,Chemicals,PIIND,EQ,INE603J01030,Chemicals
Page Industries Ltd.,Textiles,PAGEIND,EQ,INE761H01022,Textiles
Patanjali Foods Ltd.,Fast Moving Consumer Goods,PATANJALI,EQ,INE619A01035,Fast Moving Consumer Goods
Persistent Systems Ltd.,Information Technology,PERSISTENT,EQ,INE262H01021,Information Technology
Phoenix Mills Ltd.,Realty,PHOENIXLTD,EQ,INE211B01039,Realty
Pidilite Industries Ltd.,Chemicals,PIDILITIND,EQ,INE318A01026,Chemicals
Polycab India Ltd.,Capital Goods,POLYCAB,EQ,INE455K01017,Capital Goods
Power Finance Corporation Ltd.,Financial Services,PFC,EQ,INE134E01011,Financial Services
Power Grid Corporation of India Ltd.,Power,POWERGRID,EQ,INE752E01010,Power
Premier Energies Ltd.,Capital Goods,PREMIERENE,EQ,INE0BS701011,Capital Goods
Prestige Estates Projects Ltd.,Realty,PRESTIGE,EQ,INE811K01011,Realty
Punjab National Bank,Financial Services,PNB,EQ,INE160A01022,Financial Services
REC Ltd.,Financial Services,RECLTD,EQ,INE020B01018,Financial Services
Rail Vikas Nigam Ltd.,Construction,RVNL,EQ,INE415G01027,Construction
Reliance Industries Ltd.,Oil Gas & Consumable Fuels,RELIANCE,EQ,INE002A01018,Oil Gas & Consumable Fuels
SBI Cards and Payment Services Ltd.,Financial Services,SBICARD,EQ,INE018E01016,Financial Services
SBI Life Insurance Company Ltd.,Financial Services,SBILIFE,EQ,INE123W01016,Financial Services
SRF Ltd.,Chemicals,SRF,EQ,INE647A01010,Chemicals
Samvardhana Motherson International Ltd.,Automobile and Auto Components,MOTHERSON,EQ,INE775A01035,Automobile and Auto Components
Shree Cement Ltd.,Construction Materials,SHREECEM,EQ,INE070A01015,Construction Materials
Shriram Finance Ltd.,Financial Services,SHRIRAMFIN,EQ,INE721A01047,Financial Services
Siemens Energy India Ltd.,Capital Goods,ENRIN,EQ,INE1NPP01017,Capital Goods
Siemens Ltd.,Capital Goods,SIEMENS,EQ,INE003A01024,Capital Goods
Solar Industries India Ltd.,Chemicals,SOLARINDS,EQ,INE343H01029,Chemicals
Sona BLW Precision Forgings Ltd.,Automobile and Auto Components,SONACOMS,EQ,INE073K01018,Automobile and Auto Components
State Bank of India,Financial Services,SBIN,EQ,INE062A01020,Financial Services
Steel Authority of India Ltd.,Metals & Mining,SAIL,EQ,INE114A01011,Metals & Mining
Sun Pharmaceutical Industries Ltd.,Healthcare,SUNPHARMA,EQ,INE044A01036,Healthcare
Supreme Industries Ltd.,Capital Goods,SUPREMEIND,EQ,INE195A01028,Capital Goods
Suzlon Energy Ltd.,Capital Goods,SUZLON,EQ,INE040H01021,Capital Goods
Swiggy Ltd.,Consumer Services,SWIGGY,EQ,INE00H001014,Consumer Services
TVS Motor Company Ltd.,Automobile and Auto Components,TVSMOTOR,EQ,INE494B01023,Automobile and Auto Components
Tata Communications Ltd.,Telecommunication,TATACOMM,EQ,INE151A01013,Telecommunication
Tata Consultancy Services Ltd.,Information Technology,TCS,EQ,INE467B01029,Information Technology
Tata Consumer Products Ltd.,Fast Moving Consumer Goods,TATACONSUM,EQ,INE192A01025,Fast Moving Consumer Goods
Tata Elxsi Ltd.,Information Technology,TATAELXSI,EQ,INE670A01012,Information Technology
Tata Motors Passenger Vehicles Ltd.,Automobile and Auto Components,TMPV,EQ,INE155A01022,Automobile and Auto Components
Tata Power Co. Ltd.,Power,TATAPOWER,EQ,INE245A01021,Power
Tata Steel Ltd.,Metals & Mining,TATASTEEL,EQ,INE081A01020,Metals & Mining
Tata Technologies Ltd.,Information Technology,TATATECH,EQ,INE142M01025,Information Technology
Tech Mahindra Ltd.,Information Technology,TECHM,EQ,INE669C01036,Information Technology
Titan Company Ltd.,Consumer Durables,TITAN,EQ,INE280A01028,Consumer Durables
Torrent Pharmaceuticals Ltd.,Healthcare,TORNTPHARM,EQ,INE685A01028,Healthcare
Torrent Power Ltd.,Power,TORNTPOWER,EQ,INE813H01021,Power
Trent Ltd.,Consumer Services,TRENT,EQ,INE849A01020,Consumer Services
Tube Investments of India Ltd.,Automobile and Auto Components,TIINDIA,EQ,INE974X01010,Automobile and Auto Components
UPL Ltd.,Chemicals,UPL,EQ,INE628A01036,Chemicals
UltraTech Cement Ltd.,Construction Materials,ULTRACEMCO,EQ,INE481G01011,Construction Materials
Union Bank of India,Financial Services,UNIONBANK,EQ,INE692A01016,Financial Services
United Spirits Ltd.,Fast Moving Consumer Goods,UNITDSPR,EQ,INE854D01024,Fast Moving Consumer Goods
Varun Beverages Ltd.,Fast Moving Consumer Goods,VBL,EQ,INE200M01039,Fast Moving Consumer Goods
Vedanta Ltd.,Metals & Mining,VEDL,EQ,INE205A01025,Metals & Mining
Vishal Mega Mart Ltd.,Consumer Services,VMM,EQ,INE01EA01019,Consumer Services
Vodafone Idea Ltd.,Telecommunication,IDEA,EQ,INE669E01016,Telecommunication
Voltas Ltd.,Consumer Durables,VOLTAS,EQ,INE226A01021,Consumer Durables
Waaree Energies Ltd.,Capital Goods,WAAREEENER,EQ,INE377N01017,Capital Goods
Wipro Ltd.,Information Technology,WIPRO,EQ,INE075A01022,Information Technology
Yes Bank Ltd.,Financial Services,YESBANK,EQ,INE528G01035,Financial Services
Zydus Lifesciences Ltd.,Healthcare,ZYDUSLIFE,EQ,INE010B01027,Healthcare
